,Completed,Not Yet,Clean,Not Clean ,More Work
Controller,,,,,
AboutController,,,,,
AccountController,,,,,
AdController,,,,,
AddMaintenancePhotoController,,,,,
AddTeamMemberController,,,,,
AdvancedSearchController,,,,,
AgentController,,,,,
AgentProfileController,,,,,
AgentsController,,,,,
ChangeMaintenanceController,,,,,
ChangeProviderController,,,,,
ChooseMaintenanceController,,,,,
ChooseProviderController,,,,,
ContactController,,,,,
EmailTestController,,,,,
GeneratedRentalAgreementController,,,,,
HelpController,,,,,
HomeController,,,,,
LandlordController,,,,,
MaintainController,,,,,
MaintenanceOrderController,,,,,
MaintenancePhotoGalleryController,,,,,
MorePhotoController,,,,,
NewUnitTestController,,,,,
OwnerController,,,,,
OwnerProfileController,,,,,
OwnersController,,,,,
PostController,,,,,
ProfessionalsController,,,,,
ProjectController,,,,,
ProjectDetailController,,,,,
PropertyController,,,,,
ProviderController,,,,,
ProviderProfileController,,,,,
ProvidersController,,,,,
RATestController,,,,,
RemoveTeamMemberController,,,,,
RentalApplicationController,,,,,
RentController,,,,,
SpecialistController,,,,,
SpecialistProfileController,,,,,
SpecialistsController,,,,,
TeamController,,,,,
TenantController,,,,,
TenantFavoriteController,,,,,
TenantMaintenanceController,,,,,
TenantProfileController,,,,,
TenantRentalApplicationController,,,,,
TenantsController,,,,,
TenantShowingController,,,,,
Test2Controller,,,,,
TestController,,,,,
UnitController,,,,,
UnitFeatureTestController,,,,,
UploadAgreementController,,,,,
UploadController,,,,,
UploadMaintenancePhotoController,,,,,
UploadPropertyController,,,,,
UploadUnitPictureController,,,,,
